Id,Name,Age,Gender,Hobby,Job
0,박시우,60,선택 안함,미술,프로그래머
1,신현승,59,여자,독서,프로그래머
2,정유진,37,선택 안함,노래,기획/QA
3,탁지훈,42,남자,축구,그래픽/영상
4,안현우,20,여자,독서,기획/QA
5,황보영진,41,여자,수영,프로그래머
6,독고지훈,53,남자,검도,그래픽/영상
7,박유진,31,남자,검도,기획/QA
8,안시우,31,여자,축구,그래픽/영상
9,독고영진,28,남자,미술,프로그래머
10,강영진,40,남자,축구,기획/QA
11,독고상철,53,남자,연기,기획/QA
12,탁서연,54,여자,테니스,기획/QA
13,황보상철,55,선택 안함,춤,기획/QA
14,이지훈,42,여자,수영,프로그래머
15,최윤택,41,여자,검도,그래픽/영상
16,남궁시우,36,선택 안함,미술,프로그래머
17,안서연,31,선택 안함,테니스,프로그래머
18,조지훈,41,남자,수영,프로그래머
19,이시우,45,여자,독서,프로그래머
20,조민지,22,선택 안함,미술,그래픽/영상
21,강민지,44,여자,독서,그래픽/영상
22,이상철,21,남자,노래,그래픽/영상
23,강지호,28,여자,노래,그래픽/영상
24,남궁서연,42,선택 안함,조립,그래픽/영상
25,신지훈,56,남자,노래,기획/QA
26,독고현우,36,남자,검도,프로그래머
27,박지호,43,남자,춤,그래픽/영상
28,안유진,51,여자,미술,그래픽/영상
29,강유진,30,남자,축구,프로그래머
30,정시우,41,선택 안함,춤,프로그래머
31,박서연,58,여자,춤,프로그래머
32,최지호,25,선택 안함,춤,기획/QA
33,신영진,47,여자,축구,프로그래머
34,박유진,28,여자,검도,기획/QA
35,박현승,24,남자,축구,기획/QA
36,이유진,46,남자,수영,기획/QA
37,남궁시우,20,선택 안함,테니스,그래픽/영상
38,최민지,44,남자,테니스,그래픽/영상
39,윤민지,23,남자,수영,프로그래머
40,강지호,53,남자,조립,프로그래머
41,신윤택,43,선택 안함,검도,기획/QA
42,독고상철,43,선택 안함,미술,프로그래머
43,황보윤택,56,선택 안함,연기,프로그래머
44,이민지,50,남자,검도,프로그래머
45,김윤택,44,남자,독서,기획/QA
46,안유진,34,선택 안함,축구,그래픽/영상
47,신지호,44,선택 안함,독서,프로그래머
48,황보유진,38,여자,축구,프로그래머
49,윤현승,59,남자,수영,프로그래머
50,정영진,23,선택 안함,수영,기획/QA
51,이유진,32,여자,연기,기획/QA
52,신상철,43,선택 안함,테니스,프로그래머
53,이현우,52,선택 안함,수영,그래픽/영상
54,강상철,41,여자,노래,그래픽/영상
55,황보유진,44,남자,춤,그래픽/영상
56,신지호,45,남자,노래,프로그래머
57,안윤택,59,여자,춤,그래픽/영상
58,강영진,38,여자,독서,프로그래머
59,윤민지,46,선택 안함,검도,그래픽/영상
60,윤지훈,24,남자,수영,그래픽/영상
61,이유진,51,남자,춤,프로그래머
62,강현승,58,남자,춤,프로그래머
63,안유진,33,선택 안함,수영,그래픽/영상
64,독고유진,33,남자,춤,프로그래머
65,조상철,33,선택 안함,축구,그래픽/영상
66,신현우,40,선택 안함,축구,프로그래머
67,신서연,24,선택 안함,수영,기획/QA
68,남궁서연,47,남자,테니스,기획/QA
69,이지호,57,선택 안함,노래,그래픽/영상
70,안시우,54,남자,독서,기획/QA
71,남궁시우,29,남자,미술,기획/QA
72,강시우,47,남자,조립,그래픽/영상
73,정상철,30,선택 안함,테니스,프로그래머
74,독고상철,49,선택 안함,미술,기획/QA
75,이현승,60,남자,춤,기획/QA
76,윤지훈,46,남자,조립,프로그래머
77,윤상철,39,여자,조립,그래픽/영상
78,황보윤택,31,선택 안함,춤,그래픽/영상
79,김영진,39,선택 안함,축구,그래픽/영상
80,남궁지호,40,선택 안함,수영,그래픽/영상
81,정지호,60,남자,수영,기획/QA
82,독고영진,37,남자,축구,프로그래머
83,황보현승,35,남자,독서,프로그래머
84,탁상철,50,선택 안함,독서,그래픽/영상
85,황보현우,38,남자,독서,그래픽/영상
86,김시우,58,남자,연기,프로그래머
87,남궁서연,35,선택 안함,춤,기획/QA
88,강시우,40,선택 안함,수영,그래픽/영상
89,신윤택,46,남자,미술,기획/QA
90,안유진,56,선택 안함,독서,기획/QA
91,탁현우,22,남자,수영,프로그래머
92,탁서연,38,여자,독서,기획/QA
93,안상철,50,남자,미술,그래픽/영상
94,탁영진,59,선택 안함,연기,기획/QA
95,이유진,27,남자,미술,그래픽/영상
96,탁상철,28,선택 안함,춤,프로그래머
97,독고민지,41,남자,연기,기획/QA
98,안지훈,50,여자,축구,기획/QA
99,독고민지,28,남자,축구,프로그래머
100,이지호,55,여자,검도,그래픽/영상
101,안시우,49,여자,노래,그래픽/영상
102,안시우,27,남자,검도,프로그래머
103,박서연,38,선택 안함,독서,기획/QA
104,강현우,46,여자,검도,기획/QA
105,신상철,27,선택 안함,연기,프로그래머
106,독고지훈,60,남자,조립,프로그래머
107,신지훈,50,남자,연기,기획/QA
108,탁지훈,43,선택 안함,미술,프로그래머
109,김영진,55,남자,독서,그래픽/영상
110,안지호,59,선택 안함,독서,그래픽/영상
111,남궁상철,22,여자,미술,그래픽/영상
112,김서연,25,남자,수영,프로그래머
113,탁영진,44,여자,축구,프로그래머
114,독고시우,47,여자,수영,기획/QA
115,김지훈,55,선택 안함,조립,기획/QA
116,조상철,54,선택 안함,검도,기획/QA
117,윤영진,39,남자,춤,그래픽/영상
118,김지호,39,남자,조립,프로그래머
119,박유진,27,여자,노래,기획/QA
120,황보시우,40,선택 안함,미술,프로그래머
121,남궁현우,59,여자,연기,프로그래머
122,박유진,38,남자,테니스,기획/QA
123,신시우,47,선택 안함,조립,프로그래머
124,정시우,29,여자,검도,그래픽/영상
125,황보영진,50,여자,테니스,기획/QA
126,박서연,48,남자,노래,그래픽/영상
127,정상철,49,남자,축구,그래픽/영상
128,황보유진,54,선택 안함,검도,그래픽/영상
129,윤지훈,39,여자,독서,그래픽/영상
130,윤상철,29,선택 안함,춤,그래픽/영상
131,박유진,41,선택 안함,노래,그래픽/영상
132,독고유진,33,남자,노래,기획/QA
133,독고지훈,34,남자,수영,프로그래머
134,남궁서연,47,선택 안함,미술,기획/QA
135,김현우,22,남자,검도,기획/QA
136,신상철,43,선택 안함,미술,프로그래머
137,신유진,42,남자,독서,기획/QA
138,안상철,55,남자,테니스,그래픽/영상
139,강민지,57,여자,수영,그래픽/영상
140,황보영진,32,여자,축구,그래픽/영상
141,김상철,60,선택 안함,춤,프로그래머
142,독고시우,21,선택 안함,수영,프로그래머
143,탁현승,48,남자,검도,그래픽/영상
144,윤지호,22,여자,독서,그래픽/영상
145,남궁상철,39,남자,연기,기획/QA
146,이서연,24,여자,조립,프로그래머
147,조상철,56,선택 안함,검도,기획/QA
148,강현우,21,선택 안함,미술,그래픽/영상
149,이상철,49,남자,조립,프로그래머
150,남궁영진,26,남자,춤,그래픽/영상
151,독고지훈,60,여자,미술,그래픽/영상
152,황보지호,23,선택 안함,축구,프로그래머
153,박현승,47,선택 안함,조립,프로그래머
154,신민지,41,선택 안함,춤,프로그래머
155,최지훈,50,여자,미술,프로그래머
156,독고민지,57,여자,춤,그래픽/영상
157,이민지,29,남자,독서,그래픽/영상
158,김지훈,22,선택 안함,연기,기획/QA
159,탁민지,23,여자,조립,기획/QA
160,최민지,58,남자,노래,프로그래머
161,신지호,35,여자,테니스,그래픽/영상
162,독고영진,53,선택 안함,테니스,그래픽/영상
163,신서연,32,선택 안함,수영,그래픽/영상
164,황보민지,60,여자,검도,프로그래머
165,독고현승,48,선택 안함,노래,그래픽/영상
166,안지훈,24,선택 안함,축구,기획/QA
167,조현우,53,선택 안함,독서,프로그래머
168,윤민지,44,선택 안함,테니스,프로그래머
169,신윤택,23,선택 안함,축구,프로그래머
170,이서연,42,남자,조립,기획/QA
171,황보유진,53,여자,조립,프로그래머
172,윤현승,41,남자,테니스,프로그래머
173,박지호,30,여자,수영,프로그래머
174,독고상철,45,선택 안함,노래,프로그래머
175,이서연,24,선택 안함,연기,기획/QA
176,남궁윤택,42,선택 안함,독서,그래픽/영상
177,조유진,33,남자,미술,프로그래머
178,강상철,42,여자,연기,그래픽/영상
179,남궁지호,47,선택 안함,축구,프로그래머
180,김지호,25,남자,축구,프로그래머
181,탁시우,59,선택 안함,미술,기획/QA
182,조지훈,30,선택 안함,노래,기획/QA
183,최지훈,48,남자,춤,프로그래머
184,정시우,55,남자,연기,프로그래머
185,조서연,39,여자,검도,기획/QA
186,안윤택,54,남자,축구,그래픽/영상
187,신현우,40,선택 안함,검도,그래픽/영상
188,탁지호,37,선택 안함,연기,그래픽/영상
189,조현승,31,남자,미술,그래픽/영상
190,신민지,36,선택 안함,미술,그래픽/영상
191,안영진,49,남자,조립,기획/QA
192,신지호,43,여자,테니스,프로그래머
193,윤서연,25,여자,노래,기획/QA
194,독고지훈,44,남자,노래,그래픽/영상
195,독고윤택,53,선택 안함,독서,그래픽/영상
196,안윤택,20,선택 안함,미술,기획/QA
197,이지호,56,선택 안함,검도,그래픽/영상
198,남궁민지,27,남자,춤,그래픽/영상
199,강영진,39,선택 안함,수영,그래픽/영상
200,독고현우,34,남자,미술,프로그래머
201,김영진,33,선택 안함,연기,그래픽/영상
202,최윤택,59,선택 안함,검도,프로그래머
203,안현승,41,선택 안함,연기,기획/QA
204,조윤택,28,여자,노래,그래픽/영상
205,김유진,48,남자,수영,프로그래머
206,최서연,27,선택 안함,축구,기획/QA
207,남궁현우,37,여자,조립,프로그래머
208,강상철,45,남자,검도,기획/QA
209,안지호,44,여자,조립,프로그래머
210,탁지훈,29,여자,검도,프로그래머
211,김민지,23,선택 안함,수영,그래픽/영상
212,신윤택,27,선택 안함,조립,프로그래머
213,정현우,58,남자,독서,프로그래머
214,박시우,26,여자,검도,프로그래머
215,정지훈,37,남자,독서,기획/QA
216,이유진,47,선택 안함,수영,그래픽/영상
217,탁지호,56,여자,춤,프로그래머
218,탁영진,28,선택 안함,노래,기획/QA
219,황보지호,45,남자,수영,그래픽/영상
220,최유진,41,선택 안함,테니스,프로그래머
221,황보지훈,30,선택 안함,조립,프로그래머
222,김현우,58,선택 안함,연기,프로그래머
223,최현우,29,여자,연기,기획/QA
224,최민지,29,여자,조립,프로그래머
225,독고윤택,34,선택 안함,미술,그래픽/영상
226,조시우,50,남자,노래,프로그래머
227,독고상철,22,여자,춤,기획/QA
228,황보서연,37,선택 안함,검도,프로그래머
229,조서연,33,선택 안함,독서,기획/QA
230,김지훈,58,남자,수영,기획/QA
231,독고유진,21,남자,미술,프로그래머
232,강윤택,48,선택 안함,테니스,그래픽/영상
233,황보윤택,22,남자,춤,기획/QA
234,남궁현우,24,남자,테니스,기획/QA
235,이시우,58,선택 안함,독서,프로그래머
236,독고지훈,26,선택 안함,독서,기획/QA
237,박현승,42,남자,테니스,그래픽/영상
238,안지호,33,남자,검도,기획/QA
239,김서연,54,여자,조립,기획/QA
240,윤현우,27,선택 안함,검도,프로그래머
241,이지훈,31,여자,연기,프로그래머
242,강유진,50,남자,춤,그래픽/영상
243,안유진,34,선택 안함,연기,프로그래머
244,신상철,22,남자,조립,그래픽/영상
245,강현승,35,남자,미술,기획/QA
246,조서연,20,여자,춤,기획/QA
247,박유진,36,선택 안함,노래,프로그래머
248,정현우,50,여자,검도,그래픽/영상
249,윤영진,26,선택 안함,춤,프로그래머
250,탁윤택,24,선택 안함,연기,프로그래머
251,강시우,56,여자,춤,프로그래머
252,신서연,34,남자,조립,기획/QA
253,황보민지,51,남자,미술,기획/QA
254,남궁상철,59,남자,조립,그래픽/영상
255,최시우,20,선택 안함,연기,그래픽/영상
256,박서연,33,남자,미술,그래픽/영상
257,황보시우,34,선택 안함,검도,그래픽/영상
258,신영진,59,여자,노래,기획/QA
259,최영진,49,선택 안함,연기,그래픽/영상
260,독고지호,35,여자,조립,프로그래머
261,남궁지훈,25,선택 안함,춤,프로그래머
262,황보지훈,29,선택 안함,연기,기획/QA
263,최지호,21,선택 안함,테니스,그래픽/영상
264,정지훈,30,선택 안함,검도,기획/QA
265,정윤택,45,남자,독서,그래픽/영상
266,독고윤택,58,여자,춤,기획/QA
267,이지훈,59,여자,춤,그래픽/영상
268,윤지호,55,남자,축구,기획/QA
269,김시우,26,남자,테니스,기획/QA
270,조현승,57,선택 안함,독서,기획/QA
271,독고유진,45,여자,조립,기획/QA
272,이서연,20,선택 안함,미술,그래픽/영상
273,정현우,35,남자,춤,그래픽/영상
274,이현승,57,남자,독서,기획/QA
275,안현승,36,선택 안함,춤,프로그래머
276,남궁서연,29,여자,노래,기획/QA
277,안영진,29,선택 안함,독서,기획/QA
278,박시우,26,여자,테니스,기획/QA
279,윤서연,26,남자,노래,기획/QA
280,김윤택,31,남자,조립,그래픽/영상
281,박윤택,57,선택 안함,춤,프로그래머
282,안지호,48,여자,독서,기획/QA
283,남궁유진,28,남자,테니스,기획/QA
284,독고현승,52,남자,춤,그래픽/영상
285,김현승,48,남자,노래,그래픽/영상
286,황보서연,34,선택 안함,춤,프로그래머
287,독고유진,57,선택 안함,미술,그래픽/영상
288,남궁시우,25,여자,축구,프로그래머
289,조유진,48,선택 안함,독서,프로그래머
290,안지호,48,남자,수영,그래픽/영상
291,남궁지훈,26,선택 안함,미술,기획/QA
292,신상철,40,여자,조립,기획/QA
293,독고유진,29,선택 안함,검도,기획/QA
294,독고윤택,20,여자,수영,프로그래머
295,안시우,24,여자,미술,프로그래머
296,독고영진,36,여자,조립,기획/QA
297,최상철,53,여자,미술,기획/QA
298,독고지훈,43,남자,춤,그래픽/영상
299,황보지훈,22,선택 안함,춤,기획/QA
300,조현우,60,여자,조립,기획/QA
301,강지훈,24,여자,조립,프로그래머
302,이서연,21,선택 안함,검도,기획/QA
303,윤윤택,58,남자,수영,기획/QA
304,독고영진,33,여자,독서,프로그래머
305,남궁지훈,56,선택 안함,노래,그래픽/영상
306,조윤택,21,남자,검도,프로그래머
307,황보현우,40,남자,미술,그래픽/영상
308,신현우,24,남자,조립,그래픽/영상
309,남궁지호,45,선택 안함,춤,기획/QA
310,최현승,54,선택 안함,검도,프로그래머
311,신민지,24,선택 안함,춤,프로그래머
312,탁윤택,48,여자,수영,그래픽/영상
313,정윤택,26,남자,검도,프로그래머
314,안지훈,55,선택 안함,춤,그래픽/영상
315,신현우,23,선택 안함,연기,프로그래머
316,남궁지호,59,남자,미술,그래픽/영상
317,신현승,51,선택 안함,축구,프로그래머
318,김현승,30,선택 안함,축구,기획/QA
319,독고지훈,28,여자,테니스,기획/QA
320,조윤택,40,남자,미술,프로그래머
321,조서연,41,선택 안함,노래,기획/QA
322,김유진,51,선택 안함,미술,프로그래머
323,정윤택,49,여자,조립,프로그래머
324,박민지,46,남자,테니스,기획/QA
325,독고영진,33,남자,조립,그래픽/영상
326,박현승,37,여자,노래,프로그래머
327,윤윤택,48,남자,연기,기획/QA
328,황보현우,48,남자,수영,프로그래머
329,조지호,27,남자,축구,기획/QA
330,안서연,54,남자,조립,프로그래머
331,남궁영진,44,여자,축구,그래픽/영상
332,독고유진,34,여자,노래,기획/QA
333,윤서연,50,선택 안함,미술,기획/QA
334,강지호,30,선택 안함,조립,기획/QA
335,남궁영진,41,여자,미술,그래픽/영상
336,강영진,28,남자,테니스,기획/QA
337,남궁상철,47,남자,검도,기획/QA
338,박지호,32,남자,독서,프로그래머
339,신서연,49,여자,미술,그래픽/영상
340,윤현우,44,여자,미술,프로그래머
341,조윤택,42,남자,춤,기획/QA
342,김서연,26,여자,춤,프로그래머
343,독고지호,20,남자,수영,기획/QA
344,최유진,50,선택 안함,조립,기획/QA
345,독고서연,28,남자,축구,기획/QA
346,황보윤택,30,남자,수영,그래픽/영상
347,남궁지훈,58,여자,연기,기획/QA
348,탁상철,21,여자,독서,기획/QA
349,강윤택,51,여자,미술,프로그래머
350,박지훈,49,남자,노래,그래픽/영상
351,신현승,59,여자,축구,프로그래머
352,남궁지훈,56,여자,미술,그래픽/영상
353,박영진,47,여자,검도,프로그래머
354,탁서연,53,선택 안함,축구,기획/QA
355,김지훈,39,선택 안함,노래,프로그래머
356,조영진,42,선택 안함,수영,기획/QA
357,최유진,49,선택 안함,테니스,그래픽/영상
358,황보민지,48,여자,미술,기획/QA
359,조상철,28,여자,미술,기획/QA
360,박현우,27,여자,춤,프로그래머
361,황보지호,36,선택 안함,미술,기획/QA
362,신현우,39,여자,미술,기획/QA
363,윤현우,59,여자,테니스,그래픽/영상
364,탁현승,49,남자,연기,그래픽/영상
365,강지훈,56,여자,춤,프로그래머
366,조현우,28,선택 안함,축구,프로그래머
367,정영진,41,여자,테니스,프로그래머
368,이민지,26,여자,춤,기획/QA
369,박현승,43,여자,테니스,기획/QA
370,신현우,53,남자,테니스,기획/QA
371,정서연,37,남자,노래,그래픽/영상
372,조상철,26,남자,춤,프로그래머
373,김상철,48,선택 안함,테니스,기획/QA
374,강지훈,41,여자,축구,그래픽/영상
375,독고현우,32,선택 안함,수영,기획/QA
376,윤서연,48,여자,독서,프로그래머
377,정민지,54,선택 안함,독서,프로그래머
378,조상철,23,여자,미술,기획/QA
379,남궁시우,56,여자,미술,기획/QA
380,김유진,60,남자,독서,그래픽/영상
381,안윤택,45,남자,테니스,기획/QA
382,정영진,37,여자,독서,그래픽/영상
383,강영진,36,선택 안함,테니스,프로그래머
384,탁윤택,27,남자,미술,기획/QA
385,정윤택,41,선택 안함,축구,그래픽/영상
386,신민지,35,여자,미술,프로그래머
387,박현우,51,선택 안함,연기,프로그래머
388,박민지,47,여자,노래,프로그래머
389,윤상철,45,여자,연기,프로그래머
390,황보지훈,22,남자,축구,기획/QA
391,조상철,43,선택 안함,검도,프로그래머
392,강현승,47,남자,수영,기획/QA
393,이윤택,33,남자,조립,프로그래머
394,최서연,29,남자,춤,기획/QA
395,안상철,45,여자,축구,프로그래머
396,조서연,32,선택 안함,연기,프로그래머
397,안지호,58,남자,조립,기획/QA
398,최영진,55,선택 안함,미술,기획/QA
399,탁영진,57,남자,미술,기획/QA
400,안현우,45,여자,수영,그래픽/영상
401,김서연,22,선택 안함,미술,그래픽/영상
402,독고유진,34,남자,검도,그래픽/영상
403,신유진,42,여자,노래,그래픽/영상
404,윤민지,48,남자,축구,그래픽/영상
405,박영진,29,남자,조립,프로그래머
406,독고서연,50,남자,연기,기획/QA
407,최서연,58,남자,미술,그래픽/영상
408,이지호,54,선택 안함,검도,그래픽/영상
409,탁시우,45,남자,테니스,기획/QA
410,신지호,39,선택 안함,연기,그래픽/영상
411,김상철,40,남자,미술,프로그래머
412,독고상철,37,선택 안함,연기,그래픽/영상
413,이현승,39,여자,연기,프로그래머
414,남궁지호,37,남자,미술,프로그래머
415,조유진,35,선택 안함,춤,기획/QA
416,탁상철,55,남자,춤,기획/QA
417,강지훈,42,선택 안함,조립,프로그래머
418,조민지,51,선택 안함,검도,기획/QA
419,김서연,55,여자,검도,프로그래머
420,독고지호,58,선택 안함,수영,프로그래머
421,독고현승,21,여자,미술,프로그래머
422,최지훈,38,선택 안함,연기,프로그래머
423,박영진,36,여자,독서,그래픽/영상
424,신영진,20,여자,수영,프로그래머
425,강현우,55,여자,노래,기획/QA
426,안영진,51,남자,춤,그래픽/영상
427,김현승,41,남자,조립,그래픽/영상
428,강서연,45,선택 안함,노래,그래픽/영상
429,김지호,39,남자,검도,기획/QA
430,박유진,24,여자,조립,그래픽/영상
431,안현승,38,여자,연기,그래픽/영상
432,황보지호,21,여자,독서,그래픽/영상
433,윤민지,31,여자,춤,그래픽/영상
434,정현우,44,여자,테니스,그래픽/영상
435,박서연,47,선택 안함,미술,기획/QA
436,이영진,20,선택 안함,검도,그래픽/영상
437,박지훈,53,여자,노래,프로그래머
438,남궁현승,47,여자,연기,기획/QA
439,김유진,53,여자,테니스,프로그래머
440,독고민지,48,남자,연기,기획/QA
441,조시우,37,선택 안함,미술,그래픽/영상
442,조지호,52,여자,조립,그래픽/영상
443,이시우,28,남자,춤,프로그래머
444,최윤택,30,여자,독서,기획/QA
445,독고민지,42,남자,테니스,프로그래머
446,최현승,46,남자,테니스,그래픽/영상
447,최서연,57,남자,독서,기획/QA
448,박민지,42,선택 안함,수영,기획/QA
449,안민지,32,선택 안함,독서,프로그래머
450,최지훈,56,선택 안함,테니스,프로그래머
451,이현승,40,남자,축구,그래픽/영상
452,정지훈,27,선택 안함,검도,기획/QA
453,정현승,24,남자,미술,프로그래머
454,안상철,44,남자,노래,그래픽/영상
455,정영진,43,여자,테니스,그래픽/영상
456,강지훈,22,여자,미술,그래픽/영상
457,윤지호,60,여자,수영,프로그래머
458,김시우,37,여자,춤,프로그래머
459,탁유진,41,남자,노래,프로그래머
460,황보영진,44,여자,테니스,프로그래머
461,황보상철,20,선택 안함,노래,그래픽/영상
462,조영진,34,남자,수영,그래픽/영상
463,신서연,23,남자,미술,그래픽/영상
464,김현우,44,선택 안함,수영,기획/QA
465,탁민지,42,남자,축구,프로그래머
466,안민지,24,남자,수영,기획/QA
467,박민지,24,선택 안함,연기,그래픽/영상
468,박현우,44,선택 안함,검도,기획/QA
469,신지호,27,선택 안함,조립,기획/QA
470,정민지,22,남자,수영,프로그래머
471,조현승,33,선택 안함,수영,기획/QA
472,윤윤택,41,선택 안함,축구,그래픽/영상
473,이현우,48,여자,수영,기획/QA
474,황보지호,47,여자,미술,그래픽/영상
475,이시우,45,여자,검도,기획/QA
476,남궁시우,22,남자,연기,기획/QA
477,윤현우,42,남자,조립,그래픽/영상
478,최유진,46,선택 안함,테니스,그래픽/영상
479,이지훈,52,남자,검도,프로그래머
480,김현우,45,여자,독서,기획/QA
481,황보시우,46,선택 안함,연기,기획/QA
482,박지훈,47,선택 안함,춤,그래픽/영상
483,박지훈,41,남자,연기,프로그래머
484,정영진,41,선택 안함,축구,그래픽/영상
485,조현승,55,선택 안함,노래,기획/QA
486,윤민지,26,여자,춤,그래픽/영상
487,최지훈,22,선택 안함,축구,프로그래머
488,강민지,22,여자,검도,프로그래머
489,최윤택,32,남자,조립,그래픽/영상
490,조유진,34,여자,검도,그래픽/영상
491,독고현우,38,여자,검도,프로그래머
492,황보윤택,45,여자,수영,그래픽/영상
493,강상철,43,선택 안함,조립,프로그래머
494,안지호,33,선택 안함,조립,기획/QA
495,이현승,40,여자,독서,그래픽/영상
496,정유진,51,남자,테니스,그래픽/영상
497,독고지호,28,여자,독서,기획/QA
498,강지훈,52,선택 안함,테니스,프로그래머
499,윤민지,55,여자,축구,프로그래머
